{
  "name": "settings",
  "version": "4.0.0",
  "type": "root",
  "userLevel": [
    "images/user/right_staff.png",
    "images/user/icon_domestic_consumer.png",
    "images/user/right_diagnosis.png",
    "images/user/right_pick.png",
    "images/user/right_fire.png",
    "images/user/right_diagnosis.png",
    "images/user/right_org.png",
    "images/user/right_org.png",
    "images/user/right_fire.png",
    "images/user/right_fire.png",
    "images/user/right_fire.png",
    "images/user/right_private.png"
  ],
  "userOrder": [
  [4,6,7,0,1,23,24,3],
  [4,6,7,0,1,23,24,3],
  [4,5,6,7,0,1,23,24,3],
  [8,9,10,7,0,1,23,24,22,3],
  [11,12,13,7,0,1,23,24,22,3],
  [4,5,6,7,0,1,23,24,22,3],
  [14,15,16,17,7,0,1,23,24,22,3],
  [14,15,16,17,7,0,1,23,24,22,3],
  [11,12,13,7,0,1,23,24,22,3],
  [11,12,13,7,0,1,23,24,22,3],
  [11,12,13,7,0,1,23,24,22,3],
  [18,19,20,21,7,0,1,23,24,22,3]
  ],
  "freeItems": [4,6,7,0,1,23,24,3],
  "items": [
    {
      "name": "筹码锁定",
      "key": "chip_lock",
      "group": "0",
      "groupname": "免费",
      "about": "摇钱术产品",
      "id": "0",
      "privilege": {
        "userPri": "",
        "priMsg": "",
        "noPriUrl": ""
      },
      "type": "native",
      "img_enable": "images/icon/enable/cmsd.png",
      "img_disable": "images/icon/disable/cmsd_lock.png",
      "img_highlight": "images/icon/hightlight/cmsd.png",
      "title": "筹码锁定",
      "content": "selector_private/index.html"
    },
    {
      "name": "模拟炒股",
      "key": "stock_simulation",
      "group": "0",
      "groupname": "免费",
      "about": "摇钱术产品",
      "id": "1",
      "privilege": {
        "userPri": "",
        "priMsg": "",
        "noPriUrl": ""
      },
      "type": "native",
      "img_enable": "images/icon/enable/mncg.png",
      "img_disable": "images/icon/disable/mncg_lock.png",
      "img_highlight": "images/icon/hightlight/mncg.png",
      "title": "模拟炒股",
      "content": "selector_private/index.html"
    },
	{
      "name": "免费视频",
      "key": "mfsp",
      "group": "0",
      "groupname": "免费",
      "about": "摇钱术产品",
      "id": "23",
      "privilege": {
        "userPri": "",
        "priMsg": "",
        "noPriUrl": ""
      },
      "type": "url",
      "img_enable": "images/icon/enable/spzb.png",
      "img_disable": "images/icon/disable/spzb_lock.png",
      "img_highlight": "images/icon/hightlight/spzb.png",
      "title": "免费视频",
      "content": "freevideo/index.html"
    },
	{
      "name": "免费课程",
      "key": "mfkc",
      "group": "0",
      "groupname": "免费",
      "about": "摇钱术产品",
      "id": "24",
      "privilege": {
        "userPri": "",
        "priMsg": "",
        "noPriUrl": ""
      },
      "type": "url",
      "img_enable": "images/icon/enable/mfkc.png",
      "img_disable": "images/icon/disable/mfkc_lock.png",
      "img_highlight": "images/icon/hightlight/mfkc.png",
      "title": "免费课程",
      "content": "freecourse/index.html"
    },
    {
      "name": "龙虎榜",
      "key": "longhubang",
      "group": "0",
      "groupname": "免费",
      "about": "摇钱术产品",
      "id": "3",
      "privilege": {
        "userPri": "",
        "priMsg": "",
        "noPriUrl": ""
      },
      "type": "url",
      "img_enable": "images/icon/enable/lhb.png",
      "img_disable": "images/icon/disable/lhb_lock.png",
      "img_highlight": "images/icon/hightlight/lhb.png",
      "title": "龙虎榜",
      "content": "lh_list/index.html"
    },
    {
      "name": "龙虎组合",
      "key": "diagnoseIndex",
      "group": "1",
      "groupname": "诊股器",
      "about": "摇钱术产品",
      "id": "4",
      "privilege": {
        "userPri": "",
        "priMsg": "",
        "noPriUrl": ""
      },
      "type": "url",
      "img_enable": "images/icon/enable/lhzh.png",
      "img_disable": "images/icon/disable/lhzh_lock.png",
      "img_highlight": "images/icon/hightlight/lhzh.png",
      "title": "龙虎组合",
      "content": "longhu/index.html"
    },
    {
      "name": "诊股视频",
      "key": "diagnoseVideo",
      "group": "1",
      "groupname": "诊股器",
      "about": "摇钱术产品",
      "id": "5",
      "privilege": {
        "userPri": "",
        "priMsg": "",
        "noPriUrl": ""
      },
      "type": "url",
      "img_enable": "images/icon/enable/zgsp.png",
      "img_disable": "images/icon/disable/zgsp_lock.png",
      "img_highlight": "images/icon/hightlight/zgsp.png",
      "title": "诊股视频",
      "content": "video/index.html#/diagnosis"
    },
    {
      "name": "诊股模型",
      "key": "diagnoseCustom",
      "group": "1",
      "groupname": "诊股器",
      "about": "摇钱术产品",
      "id": "6",
      "privilege": {
        "userPri": "",
        "priMsg": "",
        "noPriUrl": ""
      },
      "type": "url",
      "img_enable": "images/icon/enable/zgmx.png",
      "img_disable": "images/icon/disable/zgmx_lock.png",
      "img_highlight": "images/icon/hightlight/zgmx.png",
      "title": "诊股模型",
      "content": "selector_diagnosis/index.html"
    },
    {
      "name": "极速诊股",
      "key": "diagnoseIndex",
      "group": "1",
      "groupname": "诊股器",
      "about": "摇钱术产品",
      "id": "7",
      "privilege": {
        "userPri": "",
        "priMsg": "",
        "noPriUrl": ""
      },
      "type": "url",
      "img_enable": "images/icon/enable/jszg.png",
      "img_disable": "images/icon/disable/jszg_lock.png",
      "img_highlight": "images/icon/hightlight/jszg.png",
      "title": "极速诊股",
      "content": "extremeDiagnose/index.html"
    },
    {
      "name": "黄金组合",
      "key": "selectedstockIndexBuffett",
      "group": "2",
      "groupname": "选股器",
      "about": "摇钱术产品",
      "id": "8",
      "privilege": {
        "userPri": "",
        "priMsg": "选股器",
        "noPriUrl": "activity/choose.html"
      },
      "type": "url",
      "img_enable": "images/icon/enable/hjzh.png",
      "img_disable": "images/icon/disable/hjzh_lock.png",
      "img_highlight": "images/icon/hightlight/hjzh.png",
      "title": "选股器黄金组合",
      "content": "group/index.html#/goldGroup"
    },
    {
      "name": "选股视频",
      "key": "selectedstockVideo",
      "group": "2",
      "groupname": "选股器",
      "about": "摇钱术产品",
      "id": "9",
      "privilege": {
        "userPri": "/goldCombine",
        "priMsg": "选股器",
        "noPriUrl": "activity/choose.html"
      },
      "type": "url",
      "img_enable": "images/icon/enable/xgsp.png",
      "img_disable": "images/icon/disable/xgsp_lock.png",
      "img_highlight": "images/icon/hightlight/xgsp.png",
      "title": "选股视频",
      "content": "video/index.html#/pick"
    },
    {
      "name": "选股模型",
      "key": "selectedstockCustom",
      "group": "2",
      "groupname": "选股器",
      "about": "摇钱术产品",
      "id": "10",
      "privilege": {
        "userPri": "/selectedstockCustom",
        "priMsg": "选股器",
        "noPriUrl": "activity/choose.html"
      },
      "type": "url",
      "img_enable": "images/icon/enable/xgmx.png",
      "img_disable": "images/icon/disable/xgmx_lock.png",
      "img_highlight": "images/icon/hightlight/selectorPick.png",
      "title": "选股模型",
      "content": "selector_pick/index.html"
    },
	{
      "name": "SDR短线宝",
      "key": "sdrzy",
      "group": "2",
      "groupname": "选股器",
      "about": "摇钱术产品",
      "id": "22",
      "privilege": {
        "userPri": "",
        "priMsg": "",
        "noPriUrl": ""
      },
      "type": "url",
      "img_enable": "images/icon/enable/sdr.png",
      "img_disable": "images/icon/disable/sdr_lock.png",
      "img_highlight": "images/icon/hightlight/sdr.png",
      "title": "短线宝",
      "content": "sdr/index.html"
    },
    {
      "name": "钻石组合",
      "key": "firestockIndexFunnel",
      "group": "3",
      "groupname": "炒股器",
      "about": "摇钱术产品",
      "id": "11",
      "privilege": {
        "userPri": "",
        "priMsg": "炒股器",
        "noPriUrl": "activity/fire.html"
      },
      "type": "url",
      "img_enable": "images/icon/enable/zszh.png",
      "img_disable": "images/icon/disable/zszh_lock.png",
      "img_highlight": "images/icon/hightlight/zszh.png",
      "title": "炒股器钻石组合",
      "content": "group/index.html#/diamondGroup"
    },
    {
      "name": "炒股视频",
      "key": "firestockVideo",
      "group": "3",
      "groupname": "炒股器",
      "about": "摇钱术产品",
      "id": "12",
      "privilege": {
        "userPri": "/firestockVideo",
        "priMsg": "炒股器",
        "noPriUrl": "activity/fire.html"
      },
      "type": "url",
      "img_enable": "images/icon/enable/cgsp.png",
      "img_disable": "images/icon/disable/cgsp_lock.png",
      "img_highlight": "images/icon/hightlight/cgsp.png",
      "title": "炒股视频",
      "content": "video/index.html#/fire"
    },
    {
      "name": "炒股模型",
      "key": "firestockCustom",
      "group": "3",
      "groupname": "炒股器",
      "about": "摇钱术产品",
      "id": "13",
      "privilege": {
        "userPri": "/firestockCustom",
        "priMsg": "炒股器",
        "noPriUrl": "activity/fire.html"
      },
      "type": "url",
      "img_enable": "images/icon/enable/cgmx.png",
      "img_disable": "images/icon/disable/cgmx_lock.png",
      "img_highlight": "images/icon/hightlight/selectorFire.png",
      "title": "炒股模型",
      "content": "selector_firestock/index.html"
    },
    {
      "name": "铂金组合",
      "key": "orgstocklist",
      "group": "4",
      "groupname": "机构版",
      "about": "摇钱术产品",
      "id": "14",
      "privilege": {
        "userPri": "/orgstocklist",
        "priMsg": "机构版",
        "noPriUrl": "activity/org.html"
      },
      "type": "url",
      "img_enable": "images/icon/enable/bjzh.png",
      "img_disable": "images/icon/disable/bjzh_lock.png",
      "img_highlight": "images/icon/hightlight/orgGroup.png",
      "title": "机构至尊组合",
      "content": "org/index.html"
    },
    {
      "name": "机构视频",
      "key": "orgIndex",
      "group": "4",
      "groupname": "机构版",
      "about": "摇钱术产品",
      "id": "15",
      "privilege": {
        "userPri": "/orgstocklist",
        "priMsg": "机构版",
        "noPriUrl": "activity/org.html"
      },
      "type": "url",
      "img_enable": "images/icon/enable/jgsp.png",
      "img_disable": "images/icon/disable/jgsp_lock.png",
      "img_highlight": "images/icon/hightlight/jgsp.png",
      "title": "机构视频",
      "content": "video/index.html#/org"
    },
    {
      "name": "机构模型",
      "key": "orgIndex",
      "group": "4",
      "groupname": "机构版",
      "about": "摇钱术产品",
      "id": "16",
      "privilege": {
        "userPri": "/orgIndex",
        "priMsg": "机构版",
        "noPriUrl": "activity/org.html"
      },
      "type": "url",
      "img_enable": "images/icon/enable/jgmx.png",
      "img_disable": "images/icon/disable/jgmx_lock.png",
      "img_highlight": "images/icon/hightlight/selectorOrg.png",
      "title": "机构模型",
      "content": "selector_modeagencies/index.html"
    },
    {
      "name": "筹码龙虎",
      "key": "orgIndex",
      "group": "4",
      "groupname": "机构版",
      "about": "摇钱术产品",
      "id": "17",
      "privilege": {
        "userPri": "/orgIndex",
        "priMsg": "机构版",
        "noPriUrl": "activity/org.html"
      },
      "type": "url",
      "img_enable": "images/icon/enable/cmlh.png",
      "img_disable": "images/icon/disable/cmlh_lock.png",
      "img_highlight": "images/icon/hightlight/cmlh.png",
      "title": "筹码龙虎",
      "content": "lh_chip/index.html"
    },
    {
      "name": "黑金组合",
      "key": "privatestocklist",
      "group": "5",
      "groupname": "私募版",
      "about": "摇钱术产品",
      "id": "18",
      "privilege": {
        "userPri": "/privateIndex",
        "priMsg": "私募版",
        "noPriUrl": "activity/private.html"
      },
      "type": "url",
      "img_enable": "images/icon/enable/heijingzh.png",
      "img_disable": "images/icon/disable/heijingzh_lock.png",
      "img_highlight": "images/icon/hightlight/heijingzh.png",
      "title": "私募黑金组合",
      "content": "private/index.html"
    },
    {
      "name": "私募视频",
      "key": "privateIndex",
      "group": "5",
      "groupname": "私募版",
      "about": "摇钱术产品",
      "id": "19",
      "privilege": {
        "userPri": "/privateIndex",
        "priMsg": "私募版",
        "noPriUrl": "activity/private.html"
      },
      "type": "url",
      "img_enable": "images/icon/enable/smsp.png",
      "img_disable": "images/icon/disable/smsp_lock.png",
      "img_highlight": "images/icon/hightlight/smsp.png",
      "title": "私募视频",
      "content": "video/index.html#/private"
    },
    {
      "name": "私募模型",
      "key": "privateIndex",
      "group": "5",
      "groupname": "私募版",
      "about": "摇钱术产品",
      "id": "20",
      "privilege": {
        "userPri": "/privateIndex",
        "priMsg": "私募版",
        "noPriUrl": "activity/fire.html"
      },
      "type": "url",
      "img_enable": "images/icon/enable/smmx.png",
      "img_disable": "images/icon/disable/smmx_lock.png",
      "img_highlight": "images/icon/hightlight/selectorPrivate.png",
      "title": "私募模型",
      "content": "selector_private/index.html"
    },
    {
      "name": "私募龙虎",
      "key": "privateIndex",
      "group": "5",
      "groupname": "私募版",
      "about": "摇钱术产品",
      "id": "21",
      "privilege": {
        "userPri": "/privateIndex",
        "priMsg": "私募版",
        "noPriUrl": "activity/fire.html"
      },
      "type": "url",
      "img_enable": "images/icon/enable/smlh.png",
      "img_disable": "images/icon/disable/smlh_lock.png",
      "img_highlight": "images/icon/hightlight/smlh.png",
      "title": "私募龙虎",
      "content": "lh_private/index.html"
    }
    
  ]
}