{
	"questions" : 
	[
		{
			"id" : 1,
			"questions" : "问题内容吧唧吧唧败绩，以下哪个选项是正确的？",
			"difficulty" : "", //难度12345
			"ajType" : "危险化学品",
			"answer" : "choiceA,choiceB",
			"analysis" : "为啥是A和B，来我告诉你",
			"createTime" : "yyyy-MM-dd HH:mm:ss", //想用就用
			"updateTime" : "yyyy-MM-dd HH:mm:ss", //想用就用
			"choiceA" : "选项A吧唧败绩",
			"choiceB" : "选项B吧唧吧唧",
			"choiceC" : "...",
			"choiceD" : "..."
		},
		{
			"id" : 2,
			"questions" : "问题内容吧唧吧唧败绩，以下哪个选项是正确的？",
			"difficulty" : "3", //难度12345
			"ajType" : "消防安全",
			"answer" : "choiceC,choiceD",
			"analysis" : "为啥是C和D，来我告诉你",
			"createTime" : "yyyy-MM-dd HH:mm:ss", //想用就用
			"updateTime" : "yyyy-MM-dd HH:mm:ss", //想用就用
			"choiceA" : "选项A吧唧败绩",
			"choiceB" : "选项B吧唧吧唧",
			"choiceC" : "...",
			"choiceD" : "..."
		}
	]
}