{
	"questions" : 
	[
		{
			"id" : 1,
			"questions" : "问题内容吧唧吧唧败绩，说法正确吗",
			"difficulty" : "1", //难度12345
			"ajType" : "危险化学品",
			"answer" : "true",
			"analysis" : "为啥是对的，来我告诉你",
			"createTime" : "yyyy-MM-dd HH:mm:ss", //想用就用
			"updateTime" : "yyyy-MM-dd HH:mm:ss", //想用就用
		},
		{
			"id" : 2,
			"questions" : "问题内容吧唧吧唧败绩，说法正确吗",
			"difficulty" : "2", //难度12345
			"ajType" : "工业企业",
			"answer" : "false",
			"analysis" : "为啥是错的，来我告诉你",
			"createTime" : "yyyy-MM-dd HH:mm:ss", //想用就用
			"updateTime" : "yyyy-MM-dd HH:mm:ss", //想用就用
		}
	]
}