{"course":{"ajType":"危险化学品","bfList":[],"content":"XXXXXX","courseName":"课程1","courseType":1,"createTime":"2018-02-03","homePage":true,"icon":"1.png","iconName":"1.png","id":1,"mcList":[{"ajType":"消防","analysis":"这题为啥会是","answer":"choiceA,choiceB","choiceA":"答案a","choiceB":"答案b","choiceC":"答案c","choiceD":"答案d","createTime":"2018-02-03 18:35:33","difficulty":"3","id":1,"question":"问题XXX,下列哪几个说法正确","questionType":"mc","updateTime":"2018-02-03 18:35:33"}],"scList":[{"ajType":"消防","analysis":"这题为啥会是","answer":"choiceA","choiceA":"答案a","choiceB":"答案b","choiceC":"答案c","choiceD":"答案d","createTime":"2018-02-03 18:35:33","difficulty":"2","id":1,"question":"问题XXX,下列哪个说法正确","questionType":"sc","updateTime":"2018-02-03 18:35:33"}],"tfList":[{"ajType":"危险化学品","analysis":"这题为啥会是","answer":"正确","createTime":"2018-02-03 18:35:33","difficulty":"1","id":1,"question":"问题XXX,此说法是否正确","questionType":"tf","updateTime":"2018-02-03 18:35:33"}],"updateTime":"2018-02-03"}}