{"categories":[{"categoryName":"危险化学品","createTime":1517654133000,"icon":"icon_wx.png","iconName":"icon_wx.png","id":2,"introduction":"危险化学品是一种xxx","jsonName":"weixianhuaxuepin","parentId":1,"subCategories":[]},{"categoryName":"建筑施工","createTime":1517654133000,"icon":"icon_jz.png","iconName":"icon_jz.png","id":3,"introduction":"建筑施工是一种xxx","jsonName":"jianzhushigong","parentId":1,"subCategories":[]},{"categoryName":"人员密集场所","createTime":1517654133000,"icon":"icon_ry.png","iconName":"icon_ry.png","id":4,"introduction":"人员密集场所是一种xxx","jsonName":"renyuanmijichangsuo","parentId":1,"subCategories":[]},{"categoryName":"交通运输","createTime":1517654133000,"icon":"icon_jt.png","iconName":"icon_jt.png","id":5,"introduction":"交通运输是一种xxx","jsonName":"jiaotongyunshu","parentId":1,"subCategories":[]},{"categoryName":"工业企业","createTime":1517654133000,"icon":"icon_gy.png","iconName":"icon_gy.png","id":6,"introduction":"工业企业是一种xxx","jsonName":"gongyeqiye","parentId":1,"subCategories":[]},{"categoryName":"消防","createTime":1517654133000,"icon":"icon_xf.png","iconName":"icon_xf.png","id":7,"introduction":"消防是一种xxx","jsonName":"xiaofang","parentId":1,"subCategories":[]},{"categoryName":"特种设备","createTime":1517654133000,"icon":"icon_tz.png","iconName":"icon_tz.png","id":8,"introduction":"特种设备是一种xxx","jsonName":"tezhongshebei","parentId":1,"subCategories":[]}]}