{
    "requestID":"NoticeForAndroid",
    "resultID":8200,
    "data":[
        {"type":1,
            "data":[
                {
                    "noticeID":"1",
                    "createTime":1351677828057,
                    "newsID":"0035967d-3e27-4b ",
                    "newsURL":"http://115.238.35.6222.html",
                    "newscontent":"五规获批"},
                {
                    "noticeID":"2",
                    "createTime":1351677831270,
                    "newsID":"003bfa",
                    "newsURL":"http://115.238.35.62/201281.html",
                    "newscontent":"欧盟伏两周立案"}]},
        {"type":2,
            "data":[
                {
                    "noticeID":"465",
                    "createTime":135314808,
                    "newsID":"00003c97- ",
                    "marketID":1,
                    "stockID":"002086",
                    "content":"山意见",
                    "pageUrl":"http://115.238.35.62/20071122.html"},
                {
                    "noticeID":"466",
                    "createTime":1353142328808,
                    "newsID":"0000760a",
                    "marketID":1,
                    "stockID":"000050",
                    "content":"深天",
                    "pageUrl":"http://115.238.35.62/20859.html"}]},
        {"type":3,
            "data":[
                {
                    "noticeID":"468",
                    "createTime":0,
                    "stockID":"600395",
                    "marketID":0,
                    "name":"金山股份",
                    "content":"600396 金山股份"},
                {
                    "noticeID":"467",
                    "createTime":0,
                    "stockID":"600395",
                    "marketID":0,
                    "name":"盘江股份",
                    "content":"600395 盘江股份"}]},
        {"type":4,
            "data":[
                {
                    "noticeID":"11",
                    "createTime":1351700562,
                    "stockID":"600000",
                    "marketID":0,
                    "content":"浦发银行 价格7.64，高于设置的7.53203元"},
                {
                    "noticeID":"12",
                    "createTime":1351756813610,
                    "stockID":"600270",
                    "marketID":0,
                    "content":"外运发展 价格6.69，高于设置的5.99元"}]},
        {"type":5,
            "data":[
                {
                    "noticeID":"110",
                    "createTime":1352281320717,
                    "stockID":"600270",
                    "marketID":0,
                    "content":"600270 外运发展\n您的提醒已过期,是否重新设置提醒时间？"},
                {
                    "noticeID":"111",
                    "createTime":1352281329579,
                    "stockID":"600791",
                    "marketID":0,
                    "content":"600791 京能置业\n您的提醒已过期,是否重新设置提醒时间？"}]}
    ]
}